dataset,n,R2,MAE,RMSE,V0_fit,a_fit,b_fit
external_path_marking_only_mu>0,10,0.989088919275369,0.02350286358307442,0.027664299909086604,,,
external_sigma_only_gamma0,9,0.9050263934900394,0.06422357981790766,0.08160217118354295,,,
external_combined,19,0.9500101197002375,0.04279162390483753,0.05964075080337406,,,
holdout_preregistered_subsetfit,36,0.8917111705730532,0.05850412716160437,0.08483529780445989,0.9727905064958517,0.012404000468673682,0.28773221957289985
