case,sigma_upper,sigma_lower,eta_cross,center_y,central_visibility,central_spacing,fringe_count,integrated_transmission,peak_intensity,l2_to_incoherent,corr_to_incoherent
coherent_baseline,0.0,0.0,1.0,1.1102230246251565e-16,0.9806129151223809,0.16099999999999998,5,0.2573582569098898,0.9999999999999999,0.6601396527085392,0.7247670570567248
weak_measurement_upper,0.5,0.0,0.8824969025845953,1.1102230246251565e-16,0.8745190558659333,0.15999999999999998,5,0.2572402920716231,0.9412484512922975,0.5825711987885563,0.766243818404308
medium_measurement_upper,1.2,0.0,0.4867522559599717,1.1102230246251565e-16,0.508997647557171,0.15799999999999997,5,0.2568429923045459,0.7433761279799856,0.32132446520451363,0.9078541335779055
strong_measurement_upper,3.0,0.0,0.011108996538242306,1.1102230246251565e-16,,,1,0.2563654799546206,0.505554498269121,0.00733348911669564,0.9999446496941489
strong_measurement_both,3.0,3.0,0.00012340980408667956,1.1102230246251565e-16,,,1,0.25635445119886124,0.5000617049020433,8.146770521060665e-05,0.99999999316922
fully_incoherent_reference,50.0,50.0,0.0,1.1102230246251565e-16,,,1,0.2563543273041053,0.4999999999999999,0.0,1.0
