transmission,visible_fringes,visibility,fringe_spacing,asymmetry,corr_to_incoherent,l2_to_incoherent,case,label,trans_ratio_to_baseline
0.0008703478029417236,5,0.9816109565138774,0.10427999999999998,0.0,0.7370462703063551,0.8814209357675072,coherent_baseline,kohärente Basis,1.0
0.0008427854224446189,7,0.9774085655835709,0.10318000000000002,-0.006714848566193241,0.7204767114500487,0.8402912867735809,center_profile_det,räumliches Robin-Profil: mittig,0.9683317629987167
0.0008321277561093173,8,0.9740541779604485,0.1056,0.004448343282567899,0.724438435309638,0.8447166069874262,edge_profile_det,räumliches Robin-Profil: randbetont,0.9560864671534474
0.000845481887063193,7,0.9348526398606224,0.10449999999999998,0.19739658046325034,0.7235918227367074,0.7824884230274906,gradient_profile_det,räumliches Robin-Profil: Gradient,0.9714299090610843
0.0008334564717006396,6,0.976474697311116,0.10361999999999999,0.020170322734824803,0.7311395267435473,0.8443566539814378,patchy_profile_det,räumliches Robin-Profil: patchy,0.957613116140015
0.0006748774896369745,7,0.8488714396678338,0.10383999999999999,-0.11683595817382693,0.7455894044290543,0.7405744640956705,center_profile_fluct,mittiges Profil + Fluktuation,0.7754112635844301
0.0006850716409499358,8,0.8642195628017091,0.10494,-0.12912464911788513,0.7340314846458429,0.7767519790619268,edge_profile_fluct,randbetontes Profil + Fluktuation,0.7871239964465178
0.0006221926703851566,6,0.7965675928999478,0.10383999999999999,-0.14727291305466514,0.7621582733990774,0.7259054615633522,patchy_profile_fluct_loss,patchy Profil + Fluktuation + Verlust,0.7148781995912238
0.0008685884853348433,1,,,-7.625668652555187e-17,1.0,0.0,incoherent_reference,inkohärente Referenz,0.9979786039547248
